teamA,teamB,date,league,teamA_win
Top Esports,Ninjas in Pyjamas,2024-03-27,LPL,1
Rare Atom,LNG Esports,2024-03-27,LPL,0
LGD Gaming,Royal Never Give Up,2024-03-26,LPL,1
Weibo Gaming,Invictus Gaming,2024-03-26,LPL,1
ThunderTalk Gaming,FunPlus Phoenix,2024-03-25,LPL,0
Team WE,Ultra Prime,2024-03-25,LPL,1
JD Gaming,EDward Gaming,2024-03-24,LPL,1
Top Esports,Anyone's Legend,2024-03-24,LPL,1
Rare Atom,LGD Gaming,2024-03-24,LPL,0
Bilibili Gaming,Ninjas in Pyjamas,2024-03-23,LPL,1
Team WE,LNG Esports,2024-03-23,LPL,0
Oh My God,Invictus Gaming,2024-03-23,LPL,1
JD Gaming,Weibo Gaming,2024-03-22,LPL,0
ThunderTalk Gaming,Top Esports,2024-03-22,LPL,0
FunPlus Phoenix,Royal Never Give Up,2024-03-22,LPL,0
Rare Atom,Ninjas in Pyjamas,2024-03-21,LPL,0
Ultra Prime,EDward Gaming,2024-03-21,LPL,0
Oh My God,Bilibili Gaming,2024-03-20,LPL,0
LNG Esports,Anyone's Legend,2024-03-20,LPL,1
Team WE,ThunderTalk Gaming,2024-03-19,LPL,0
LGD Gaming,Weibo Gaming,2024-03-19,LPL,1
Royal Never Give Up,Ninjas in Pyjamas,2024-03-18,LPL,0
Invictus Gaming,JD Gaming,2024-03-18,LPL,0
Team WE,Top Esports,2024-03-17,LPL,0
Rare Atom,FunPlus Phoenix,2024-03-17,LPL,0
Ultra Prime,Oh My God,2024-03-17,LPL,0
Bilibili Gaming,Weibo Gaming,2024-03-16,LPL,1
LNG Esports,EDward Gaming,2024-03-16,LPL,1
Anyone's Legend,JD Gaming,2024-03-16,LPL,0
FunPlus Phoenix,Invictus Gaming,2024-03-15,LPL,1
Royal Never Give Up,Oh My God,2024-03-15,LPL,1
LGD Gaming,ThunderTalk Gaming,2024-03-15,LPL,0
Top Esports,JD Gaming,2024-03-14,LPL,0
Rare Atom,Team WE,2024-03-14,LPL,1
Bilibili Gaming,Ultra Prime,2024-03-14,LPL,1
Weibo Gaming,EDward Gaming,2024-03-13,LPL,1
Royal Never Give Up,Anyone's Legend,2024-03-13,LPL,1
Invictus Gaming,LNG Esports,2024-03-12,LPL,0
Ninjas in Pyjamas,ThunderTalk Gaming,2024-03-12,LPL,1
FunPlus Phoenix,JD Gaming,2024-03-11,LPL,1
Oh My God,LGD Gaming,2024-03-11,LPL,1
Team WE,Weibo Gaming,2024-03-10,LPL,1
Ultra Prime,Top Esports,2024-03-10,LPL,0
Bilibili Gaming,Rare Atom,2024-03-10,LPL,1
JD Gaming,Royal Never Give Up,2024-03-09,LPL,1
ThunderTalk Gaming,EDward Gaming,2024-03-09,LPL,1
Anyone's Legend,Invictus Gaming,2024-03-09,LPL,0
Top Esports,Oh My God,2024-03-08,LPL,1
FunPlus Phoenix,Bilibili Gaming,2024-03-08,LPL,0
LGD Gaming,LNG Esports,2024-03-08,LPL,1
Weibo Gaming,Ninjas in Pyjamas,2024-03-07,LPL,1
JD Gaming,Ultra Prime,2024-03-07,LPL,1
Anyone's Legend,Rare Atom,2024-03-07,LPL,0
Royal Never Give Up,ThunderTalk Gaming,2024-03-05,LPL,0
EDward Gaming,Invictus Gaming,2024-03-05,LPL,0
Team WE,Bilibili Gaming,2024-03-04,LPL,0
LGD Gaming,Top Esports,2024-03-04,LPL,0
Oh My God,JD Gaming,2024-03-03,LPL,0
Anyone's Legend,Ninjas in Pyjamas,2024-03-03,LPL,1
Weibo Gaming,FunPlus Phoenix,2024-03-03,LPL,0
EDward Gaming,Rare Atom,2024-03-02,LPL,1
LNG Esports,Ultra Prime,2024-03-02,LPL,1
Team WE,Royal Never Give Up,2024-03-02,LPL,1
JD Gaming,ThunderTalk Gaming,2024-03-01,LPL,1
Top Esports,Invictus Gaming,2024-03-01,LPL,1
LGD Gaming,Bilibili Gaming,2024-03-01,LPL,0
Weibo Gaming,Anyone's Legend,2024-02-29,LPL,0
EDward Gaming,Oh My God,2024-02-29,LPL,0
FunPlus Phoenix,Ninjas in Pyjamas,2024-02-29,LPL,1
LNG Esports,Royal Never Give Up,2024-02-28,LPL,1
Ultra Prime,Rare Atom,2024-02-28,LPL,1
JD Gaming,Team WE,2024-02-27,LPL,1
Bilibili Gaming,ThunderTalk Gaming,2024-02-27,LPL,1
Invictus Gaming,LGD Gaming,2024-02-26,LPL,1
Top Esports,FunPlus Phoenix,2024-02-26,LPL,0
Ninjas in Pyjamas,LNG Esports,2024-02-25,LPL,1
Weibo Gaming,Oh My God,2024-02-25,LPL,0
EDward Gaming,Anyone's Legend,2024-02-25,LPL,1
JD Gaming,Bilibili Gaming,2024-02-24,LPL,0
Royal Never Give Up,Rare Atom,2024-02-24,LPL,0
ThunderTalk Gaming,Ultra Prime,2024-02-24,LPL,1
LNG Esports,Top Esports,2024-02-23,LPL,0
Invictus Gaming,Team WE,2024-02-23,LPL,0
FunPlus Phoenix,LGD Gaming,2024-02-23,LPL,1
EDward Gaming,Ninjas in Pyjamas,2024-02-22,LPL,0
Rare Atom,Oh My God,2024-02-22,LPL,0
ThunderTalk Gaming,Anyone's Legend,2024-02-22,LPL,0
Royal Never Give Up,Top Esports,2024-02-21,LPL,0
Ultra Prime,Weibo Gaming,2024-02-21,LPL,0
Invictus Gaming,Bilibili Gaming,2024-02-20,LPL,1
FunPlus Phoenix,LNG Esports,2024-02-20,LPL,1
EDward Gaming,Team WE,2024-02-19,LPL,0
JD Gaming,LGD Gaming,2024-02-19,LPL,1
ThunderTalk Gaming,Rare Atom,2024-02-18,LPL,0
Anyone's Legend,Oh My God,2024-02-18,LPL,1
Ninjas in Pyjamas,Ultra Prime,2024-02-18,LPL,1
Weibo Gaming,Top Esports,2024-02-07,LPL,0
Invictus Gaming,Royal Never Give Up,2024-02-07,LPL,1
LNG Esports,Bilibili Gaming,2024-02-06,LPL,0
EDward Gaming,FunPlus Phoenix,2024-02-06,LPL,0
Ultra Prime,Anyone's Legend,2024-02-05,LPL,0
Team WE,LGD Gaming,2024-02-05,LPL,1
Royal Never Give Up,Weibo Gaming,2024-02-04,LPL,0
JD Gaming,LNG Esports,2024-02-04,LPL,1
Oh My God,Ninjas in Pyjamas,2024-02-04,LPL,0
Bilibili Gaming,EDward Gaming,2024-02-03,LPL,1
Invictus Gaming,ThunderTalk Gaming,2024-02-03,LPL,1
Top Esports,Rare Atom,2024-02-03,LPL,1
Anyone's Legend,LGD Gaming,2024-02-02,LPL,1
Ultra Prime,FunPlus Phoenix,2024-02-02,LPL,1
Ninjas in Pyjamas,Team WE,2024-02-02,LPL,1
LNG Esports,Weibo Gaming,2024-02-01,LPL,1
ThunderTalk Gaming,Oh My God,2024-02-01,LPL,0
Ninjas in Pyjamas,JD Gaming,2024-01-31,LPL,0
Rare Atom,Invictus Gaming,2024-01-31,LPL,0
LGD Gaming,EDward Gaming,2024-01-30,LPL,1
Royal Never Give Up,Ultra Prime,2024-01-30,LPL,1
Bilibili Gaming,Anyone's Legend,2024-01-29,LPL,1
FunPlus Phoenix,Team WE,2024-01-29,LPL,0
Oh My God,LNG Esports,2024-01-28,LPL,0
Rare Atom,JD Gaming,2024-01-28,LPL,0
ThunderTalk Gaming,Weibo Gaming,2024-01-28,LPL,0
Top Esports,EDward Gaming,2024-01-27,LPL,1
Ultra Prime,LGD Gaming,2024-01-27,LPL,0
Invictus Gaming,Ninjas in Pyjamas,2024-01-27,LPL,0
Bilibili Gaming,Royal Never Give Up,2024-01-26,LPL,1
Oh My God,FunPlus Phoenix,2024-01-26,LPL,0
Anyone's Legend,Team WE,2024-01-26,LPL,0
LNG Esports,ThunderTalk Gaming,2024-01-25,LPL,0
Weibo Gaming,Rare Atom,2024-01-25,LPL,1
Ultra Prime,Invictus Gaming,2024-01-24,LPL,0
Ninjas in Pyjamas,LGD Gaming,2024-01-24,LPL,1
Anyone's Legend,FunPlus Phoenix,2024-01-23,LPL,1
Oh My God,Team WE,2024-01-23,LPL,1
Royal Never Give Up,EDward Gaming,2024-01-22,LPL,1
Bilibili Gaming,Top Esports,2024-01-22,LPL,1
Bilibili Gaming,Top Esports,2024-04-20,LPL,1
Top Esports,JD Gaming,2024-04-14,LPL,1
Bilibili Gaming,Top Esports,2024-04-11,LPL,1
JD Gaming,Ninjas in Pyjamas,2024-04-10,LPL,1
Top Esports,JD Gaming,2024-04-07,LPL,1
Bilibili Gaming,Ninjas in Pyjamas,2024-04-06,LPL,1
Weibo Gaming,JD Gaming,2024-04-05,LPL,0
Ninjas in Pyjamas,FunPlus Phoenix,2024-04-04,LPL,1
LNG Esports,Weibo Gaming,2024-04-03,LPL,0
Ninjas in Pyjamas,Team WE,2024-04-02,LPL,1
Weibo Gaming,Invictus Gaming,2024-04-01,LPL,1
Oh My God,Team WE,2024-03-31,LPL,0
Invictus Gaming,Weibo Gaming,2024-06-29,LPL,0
Ultra Prime,Ninjas in Pyjamas,2024-06-29,LPL,0
JD Gaming,EDward Gaming,2024-06-28,LPL,1
FunPlus Phoenix,ThunderTalk Gaming,2024-06-28,LPL,1
LGD Gaming,Bilibili Gaming,2024-06-27,LPL,1
Royal Never Give Up,Team WE,2024-06-27,LPL,1
LNG Esports,Oh My God,2024-06-26,LPL,1
Top Esports,Rare Atom,2024-06-26,LPL,1
Weibo Gaming,Anyone's Legend,2024-06-25,LPL,0
Invictus Gaming,Ultra Prime,2024-06-25,LPL,1
JD Gaming,FunPlus Phoenix,2024-06-24,LPL,1
ThunderTalk Gaming,EDward Gaming,2024-06-24,LPL,1
Top Esports,LNG Esports,2024-06-23,LPL,1
Anyone's Legend,Invictus Gaming,2024-06-23,LPL,1
Bilibili Gaming,Royal Never Give Up,2024-06-22,LPL,1
Team WE,LGD Gaming,2024-06-22,LPL,0
Ninjas in Pyjamas,Weibo Gaming,2024-06-21,LPL,1
Ultra Prime,Anyone's Legend,2024-06-21,LPL,0
Oh My God,Rare Atom,2024-06-20,LPL,0
EDward Gaming,FunPlus Phoenix,2024-06-20,LPL,0
ThunderTalk Gaming,JD Gaming,2024-06-19,LPL,0
Ninjas in Pyjamas,Invictus Gaming,2024-06-19,LPL,1
Bilibili Gaming,Team WE,2024-06-18,LPL,1
LGD Gaming,Royal Never Give Up,2024-06-18,LPL,1
Anyone's Legend,Ninjas in Pyjamas,2024-06-17,LPL,1
Weibo Gaming,Ultra Prime,2024-06-17,LPL,0
Oh My God,Top Esports,2024-06-16,LPL,0
Rare Atom,LNG Esports,2024-06-16,LPL,0
FunPlus Phoenix,JD Gaming,2024-06-15,LPL,0
EDward Gaming,ThunderTalk Gaming,2024-06-15,LPL,1
Invictus Gaming,Ninjas in Pyjamas,2024-06-14,LPL,1
Royal Never Give Up,LGD Gaming,2024-06-14,LPL,0
Team WE,Bilibili Gaming,2024-06-13,LPL,0
Anyone's Legend,Weibo Gaming,2024-06-13,LPL,0
Top Esports,Oh My God,2024-06-12,LPL,1
LNG Esports,Rare Atom,2024-06-12,LPL,0
Ninjas in Pyjamas,Ultra Prime,2024-06-11,LPL,1
Invictus Gaming,Anyone's Legend,2024-06-11,LPL,0
Bilibili Gaming,LGD Gaming,2024-06-10,LPL,1
FunPlus Phoenix,EDward Gaming,2024-06-10,LPL,0
Ultra Prime,Weibo Gaming,2024-06-08,LPL,1
Ninjas in Pyjamas,Anyone's Legend,2024-06-08,LPL,0
LNG Esports,Top Esports,2024-06-07,LPL,0
JD Gaming,ThunderTalk Gaming,2024-06-07,LPL,1
Royal Never Give Up,Bilibili Gaming,2024-06-06,LPL,0
Rare Atom,Oh My God,2024-06-06,LPL,1
EDward Gaming,JD Gaming,2024-06-05,LPL,0
LGD Gaming,Team WE,2024-06-05,LPL,0
ThunderTalk Gaming,FunPlus Phoenix,2024-06-04,LPL,0
Anyone's Legend,Ultra Prime,2024-06-04,LPL,1
Weibo Gaming,Invictus Gaming,2024-06-03,LPL,1
Oh My God,LNG Esports,2024-06-03,LPL,0
Rare Atom,Top Esports,2024-06-02,LPL,0
Team WE,Royal Never Give Up,2024-06-02,LPL,1
Weibo Gaming,Ninjas in Pyjamas,2024-06-01,LPL,0
Ultra Prime,Invictus Gaming,2024-06-01,LPL,1
JD Gaming,Top Esports,2024-07-31,LPL,0
FunPlus Phoenix,Bilibili Gaming,2024-07-31,LPL,0
Bilibili Gaming,Anyone's Legend,2024-07-30,LPL,1
Ninjas in Pyjamas,LGD Gaming,2024-07-30,LPL,0
Oh My God,Rare Atom,2024-07-29,LPL,1
Royal Never Give Up,ThunderTalk Gaming,2024-07-29,LPL,0
FunPlus Phoenix,Weibo Gaming,2024-07-28,LPL,0
Anyone's Legend,LNG Esports,2024-07-28,LPL,0
Invictus Gaming,Team WE,2024-07-28,LPL,1
FunPlus Phoenix,Top Esports,2024-07-27,LPL,0
EDward Gaming,Ultra Prime,2024-07-27,LPL,1
LGD Gaming,LNG Esports,2024-07-27,LPL,0
Bilibili Gaming,Ninjas in Pyjamas,2024-07-26,LPL,1
Anyone's Legend,Top Esports,2024-07-26,LPL,0
Oh My God,ThunderTalk Gaming,2024-07-26,LPL,0
Weibo Gaming,LGD Gaming,2024-07-25,LPL,1
Invictus Gaming,Royal Never Give Up,2024-07-25,LPL,1
Rare Atom,Team WE,2024-07-25,LPL,1
LNG Esports,JD Gaming,2024-07-24,LPL,1
Ultra Prime,Oh My God,2024-07-24,LPL,0
Top Esports,Ninjas in Pyjamas,2024-07-23,LPL,1
Weibo Gaming,Bilibili Gaming,2024-07-23,LPL,0
ThunderTalk Gaming,EDward Gaming,2024-07-22,LPL,0
Rare Atom,Royal Never Give Up,2024-07-22,LPL,1
LNG Esports,FunPlus Phoenix,2024-07-21,LPL,0
Team WE,Ultra Prime,2024-07-21,LPL,0
JD Gaming,Bilibili Gaming,2024-07-20,LPL,0
Top Esports,LGD Gaming,2024-07-20,LPL,1
Team WE,Oh My God,2024-07-20,LPL,0
Ninjas in Pyjamas,JD Gaming,2024-07-19,LPL,0
LGD Gaming,FunPlus Phoenix,2024-07-19,LPL,0
Invictus Gaming,EDward Gaming,2024-07-19,LPL,1
Bilibili Gaming,LNG Esports,2024-07-18,LPL,0
Weibo Gaming,Anyone's Legend,2024-07-18,LPL,1
Royal Never Give Up,Ultra Prime,2024-07-18,LPL,1
Top Esports,Weibo Gaming,2024-07-17,LPL,1
Team WE,ThunderTalk Gaming,2024-07-17,LPL,0
FunPlus Phoenix,Ninjas in Pyjamas,2024-07-16,LPL,1
Rare Atom,EDward Gaming,2024-07-16,LPL,1
Bilibili Gaming,LGD Gaming,2024-07-15,LPL,1
Invictus Gaming,Oh My God,2024-07-15,LPL,0
LNG Esports,Top Esports,2024-07-14,LPL,1
Anyone's Legend,JD Gaming,2024-07-14,LPL,0
Ultra Prime,ThunderTalk Gaming,2024-07-14,LPL,0
Weibo Gaming,Ninjas in Pyjamas,2024-07-13,LPL,1
Team WE,Royal Never Give Up,2024-07-13,LPL,1
Rare Atom,Invictus Gaming,2024-07-13,LPL,1
Top Esports,Bilibili Gaming,2024-07-12,LPL,0
EDward Gaming,Oh My God,2024-07-12,LPL,0
LGD Gaming,JD Gaming,2024-07-12,LPL,0
Ninjas in Pyjamas,Anyone's Legend,2024-07-11,LPL,0
Ultra Prime,Rare Atom,2024-07-11,LPL,1
LNG Esports,Weibo Gaming,2024-07-10,LPL,1
ThunderTalk Gaming,Invictus Gaming,2024-07-10,LPL,1
JD Gaming,FunPlus Phoenix,2024-07-09,LPL,1
Oh My God,Royal Never Give Up,2024-07-09,LPL,1
LGD Gaming,Anyone's Legend,2024-07-08,LPL,0
EDward Gaming,Team WE,2024-07-08,LPL,0
Ninjas in Pyjamas,LNG Esports,2024-07-07,LPL,0
Ultra Prime,Invictus Gaming,2024-07-07,LPL,0
JD Gaming,Weibo Gaming,2024-07-06,LPL,0
ThunderTalk Gaming,Rare Atom,2024-07-06,LPL,0
Anyone's Legend,FunPlus Phoenix,2024-07-05,LPL,1
EDward Gaming,Royal Never Give Up,2024-07-05,LPL,1
Bilibili Gaming,Weibo Gaming,2024-08-30,LPL,1
Top Esports,Weibo Gaming,2024-08-24,LPL,0
LNG Esports,Weibo Gaming,2024-08-22,LPL,0
Top Esports,Bilibili Gaming,2024-08-21,LPL,0
LNG Esports,Top Esports,2024-08-18,LPL,0
Bilibili Gaming,Weibo Gaming,2024-08-17,LPL,1
Top Esports,Anyone's Legend,2024-08-16,LPL,1
Weibo Gaming,Ninjas in Pyjamas,2024-08-15,LPL,1
Anyone's Legend,FunPlus Phoenix,2024-08-13,LPL,1
JD Gaming,Ninjas in Pyjamas,2024-08-12,LPL,0
FunPlus Phoenix,ThunderTalk Gaming,2024-08-11,LPL,1
LGD Gaming,Ninjas in Pyjamas,2024-08-10,LPL,0
Oh My God,ThunderTalk Gaming,2024-08-05,LPL,0
Ninjas in Pyjamas,Rare Atom,2024-08-04,LPL,1
LGD Gaming,Invictus Gaming,2024-08-03,LPL,1
JD Gaming,Weibo Gaming,2024-09-02,LPL,0
Ninjas in Pyjamas,JD Gaming,2024-09-01,LPL,0
Weibo Gaming,LNG Esports,2024-08-31,LPL,0
SK Gaming,G2 Esports,2024-01-29,LEC,0
Fnatic,Team Heretics,2024-01-29,LEC,1
Team BDS,Karmine Corp,2024-01-29,LEC,0
GiantX,Rogue,2024-01-29,LEC,1
Team Vitality,MAD Lions KOI,2024-01-29,LEC,0
Rogue,Team BDS,2024-01-28,LEC,0
Karmine Corp,SK Gaming,2024-01-28,LEC,1
Fnatic,G2 Esports,2024-01-28,LEC,0
GiantX,MAD Lions KOI,2024-01-28,LEC,1
Team Heretics,Team Vitality,2024-01-28,LEC,0
Rogue,Karmine Corp,2024-01-27,LEC,1
G2 Esports,GiantX,2024-01-27,LEC,1
MAD Lions KOI,Fnatic,2024-01-27,LEC,1
Team BDS,Team Heretics,2024-01-27,LEC,1
SK Gaming,Team Vitality,2024-01-27,LEC,1
Team Heretics,Karmine Corp,2024-01-22,LEC,1
Team Vitality,G2 Esports,2024-01-22,LEC,1
MAD Lions KOI,Rogue,2024-01-22,LEC,1
Fnatic,GiantX,2024-01-22,LEC,1
SK Gaming,Team BDS,2024-01-22,LEC,0
Karmine Corp,Team Vitality,2024-01-21,LEC,0
GiantX,SK Gaming,2024-01-21,LEC,0
G2 Esports,Team Heretics,2024-01-21,LEC,1
Rogue,Fnatic,2024-01-21,LEC,0
MAD Lions KOI,Team BDS,2024-01-21,LEC,0
Karmine Corp,GiantX,2024-01-20,LEC,0
Team BDS,Fnatic,2024-01-20,LEC,1
G2 Esports,MAD Lions KOI,2024-01-20,LEC,1
Team Heretics,SK Gaming,2024-01-20,LEC,1
Team Vitality,Rogue,2024-01-20,LEC,1
SK Gaming,Fnatic,2024-01-15,LEC,1
Karmine Corp,MAD Lions KOI,2024-01-15,LEC,0
Team Heretics,GiantX,2024-01-15,LEC,1
G2 Esports,Rogue,2024-01-15,LEC,0
Team Vitality,Team BDS,2024-01-15,LEC,0
Rogue,Team Heretics,2024-01-14,LEC,0
Fnatic,Team Vitality,2024-01-14,LEC,1
G2 Esports,Karmine Corp,2024-01-14,LEC,1
MAD Lions KOI,SK Gaming,2024-01-14,LEC,0
GiantX,Team BDS,2024-01-14,LEC,0
MAD Lions KOI,Team Heretics,2024-01-13,LEC,1
Team Vitality,GiantX,2024-01-13,LEC,0
Karmine Corp,Fnatic,2024-01-13,LEC,0
Rogue,SK Gaming,2024-01-13,LEC,0
Team BDS,G2 Esports,2024-01-13,LEC,0
G2 Esports,MAD Lions KOI,2024-02-18,LEC,1
Team BDS,MAD Lions KOI,2024-02-17,LEC,0
MAD Lions KOI,Fnatic,2024-02-16,LEC,1
SK Gaming,Fnatic,2024-02-12,LEC,0
MAD Lions KOI,Team Vitality,2024-02-12,LEC,1
G2 Esports,Team BDS,2024-02-11,LEC,1
SK Gaming,Team Heretics,2024-02-10,LEC,1
MAD Lions KOI,GiantX,2024-02-10,LEC,1
G2 Esports,Fnatic,2024-02-05,LEC,1
Team BDS,Team Vitality,2024-02-05,LEC,1
MAD Lions KOI,Fnatic,2024-02-04,LEC,0
SK Gaming,Team Vitality,2024-02-04,LEC,0
G2 Esports,GiantX,2024-02-03,LEC,1
Team BDS,Team Heretics,2024-02-03,LEC,1
Rogue,SK Gaming,2024-03-25,LEC,0
Karmine Corp,Team BDS,2024-03-25,LEC,0
G2 Esports,Team Vitality,2024-03-25,LEC,0
Fnatic,MAD Lions KOI,2024-03-25,LEC,0
Rogue,SK Gaming,2024-03-25,LEC,1
Team Heretics,GiantX,2024-03-25,LEC,0
Karmine Corp,Team Heretics,2024-03-23,LEC,0
Rogue,G2 Esports,2024-03-23,LEC,1
Team BDS,MAD Lions KOI,2024-03-23,LEC,0
Team Vitality,GiantX,2024-03-23,LEC,0
SK Gaming,Fnatic,2024-03-23,LEC,0
Team Vitality,Karmine Corp,2024-03-22,LEC,1
MAD Lions KOI,Team Heretics,2024-03-22,LEC,0
G2 Esports,SK Gaming,2024-03-22,LEC,1
Team BDS,Fnatic,2024-03-22,LEC,1
GiantX,Rogue,2024-03-22,LEC,1
SK Gaming,Karmine Corp,2024-03-18,LEC,1
Rogue,MAD Lions KOI,2024-03-18,LEC,0
G2 Esports,GiantX,2024-03-18,LEC,1
Team Vitality,Fnatic,2024-03-18,LEC,0
Team BDS,Team Heretics,2024-03-18,LEC,0
Fnatic,G2 Esports,2024-03-17,LEC,1
Team Heretics,SK Gaming,2024-03-17,LEC,1
MAD Lions KOI,Karmine Corp,2024-03-17,LEC,0
Rogue,Team Vitality,2024-03-17,LEC,0
GiantX,Team BDS,2024-03-17,LEC,0
Karmine Corp,Rogue,2024-03-16,LEC,0
MAD Lions KOI,Team Vitality,2024-03-16,LEC,0
G2 Esports,Team Heretics,2024-03-16,LEC,1
GiantX,Fnatic,2024-03-16,LEC,0
SK Gaming,Team BDS,2024-03-16,LEC,0
G2 Esports,Karmine Corp,2024-03-11,LEC,1
Team Heretics,Fnatic,2024-03-11,LEC,1
GiantX,MAD Lions KOI,2024-03-11,LEC,1
SK Gaming,Team Vitality,2024-03-11,LEC,1
Rogue,Team BDS,2024-03-11,LEC,0
MAD Lions KOI,G2 Esports,2024-03-10,LEC,0
GiantX,SK Gaming,2024-03-10,LEC,0
Fnatic,Karmine Corp,2024-03-10,LEC,1
Team Heretics,Rogue,2024-03-10,LEC,1
Team Vitality,Team BDS,2024-03-10,LEC,1
MAD Lions KOI,SK Gaming,2024-03-09,LEC,1
Karmine Corp,GiantX,2024-03-09,LEC,1
Team BDS,G2 Esports,2024-03-09,LEC,0
Fnatic,Rogue,2024-03-09,LEC,1
Team Vitality,Team Heretics,2024-03-09,LEC,1
G2 Esports,Fnatic,2024-04-14,LEC,1
Team BDS,Fnatic,2024-04-13,LEC,0
Fnatic,Team Vitality,2024-04-08,LEC,1
G2 Esports,Team BDS,2024-04-07,LEC,1
Team Vitality,MAD Lions KOI,2024-04-06,LEC,1
Fnatic,Team Heretics,2024-04-06,LEC,1
GiantX,MAD Lions KOI,2024-04-02,LEC,0
Team Heretics,SK Gaming,2024-04-02,LEC,1
Fnatic,G2 Esports,2024-04-01,LEC,0
Team Vitality,Team BDS,2024-04-01,LEC,0
G2 Esports,MAD Lions KOI,2024-03-31,LEC,1
Team Heretics,Team BDS,2024-03-31,LEC,0
Fnatic,GiantX,2024-03-30,LEC,1
Team Vitality,SK Gaming,2024-03-30,LEC,1
MAD Lions KOI,Team Vitality,2024-06-30,LEC,1
MAD Lions KOI,Rogue,2024-06-30,LEC,1
GiantX,Karmine Corp,2024-06-30,LEC,0
Team Heretics,G2 Esports,2024-06-30,LEC,0
Team BDS,Fnatic,2024-06-30,LEC,1
MAD Lions KOI,Rogue,2024-06-30,LEC,1
Team Vitality,SK Gaming,2024-06-30,LEC,0
MAD Lions KOI,Team BDS,2024-06-29,LEC,0
SK Gaming,Karmine Corp,2024-06-29,LEC,1
G2 Esports,Team Vitality,2024-06-29,LEC,1
Rogue,GiantX,2024-06-29,LEC,0
Fnatic,Team Heretics,2024-06-29,LEC,0
Karmine Corp,Team Vitality,2024-06-23,LEC,1
SK Gaming,MAD Lions KOI,2024-06-23,LEC,1
Fnatic,G2 Esports,2024-06-23,LEC,0
GiantX,Team BDS,2024-06-23,LEC,0
Rogue,Team Heretics,2024-06-23,LEC,1
MAD Lions KOI,Fnatic,2024-06-22,LEC,0
G2 Esports,Karmine Corp,2024-06-22,LEC,1
Team Vitality,GiantX,2024-06-22,LEC,0
Team Heretics,SK Gaming,2024-06-22,LEC,0
Team BDS,Rogue,2024-06-22,LEC,1
Karmine Corp,Team BDS,2024-06-16,LEC,0
SK Gaming,Fnatic,2024-06-16,LEC,0
GiantX,MAD Lions KOI,2024-06-16,LEC,1
Rogue,G2 Esports,2024-06-16,LEC,0
Team Vitality,Team Heretics,2024-06-16,LEC,1
G2 Esports,GiantX,2024-06-15,LEC,1
Team Heretics,Karmine Corp,2024-06-15,LEC,1
MAD Lions KOI,Team Vitality,2024-06-15,LEC,0
Fnatic,Rogue,2024-06-15,LEC,1
Team BDS,SK Gaming,2024-06-15,LEC,0
Team Heretics,MAD Lions KOI,2024-06-10,LEC,0
Rogue,Karmine Corp,2024-06-10,LEC,0
Team BDS,G2 Esports,2024-06-10,LEC,1
GiantX,SK Gaming,2024-06-10,LEC,0
Fnatic,Team Vitality,2024-06-10,LEC,1
G2 Esports,SK Gaming,2024-06-09,LEC,0
Fnatic,GiantX,2024-06-09,LEC,1
Karmine Corp,MAD Lions KOI,2024-06-09,LEC,1
Rogue,Team Vitality,2024-06-09,LEC,1
Team BDS,Team Heretics,2024-06-09,LEC,1
Karmine Corp,Fnatic,2024-06-08,LEC,0
MAD Lions KOI,G2 Esports,2024-06-08,LEC,0
Team Vitality,Team BDS,2024-06-08,LEC,0
SK Gaming,Rogue,2024-06-08,LEC,1
Team Heretics,GiantX,2024-06-08,LEC,1
Fnatic,G2 Esports,2024-07-28,LEC,0
G2 Esports,Team BDS,2024-07-27,LEC,1
Team BDS,Karmine Corp,2024-07-26,LEC,1
SK Gaming,Karmine Corp,2024-07-23,LEC,0
Team BDS,GiantX,2024-07-23,LEC,1
G2 Esports,Fnatic,2024-07-22,LEC,0
Karmine Corp,MAD Lions KOI,2024-07-21,LEC,1
Team Heretics,GiantX,2024-07-21,LEC,0
G2 Esports,Team BDS,2024-07-14,LEC,1
SK Gaming,Fnatic,2024-07-14,LEC,0
G2 Esports,Karmine Corp,2024-07-13,LEC,1
Fnatic,GiantX,2024-07-13,LEC,1
Team BDS,MAD Lions KOI,2024-07-12,LEC,1
SK Gaming,Team Heretics,2024-07-12,LEC,1
Fnatic,G2 Esports,2024-09-01,LEC,0
G2 Esports,MAD Lions KOI,2024-08-31,LEC,1
MAD Lions KOI,Fnatic,2024-08-24,LEC,0
G2 Esports,Team BDS,2024-08-23,LEC,1
G2 Esports,GiantX,2024-08-18,LEC,1
SK Gaming,Team BDS,2024-08-17,LEC,0
G2 Esports,MAD Lions KOI,2024-08-11,LEC,0
Team BDS,Fnatic,2024-08-10,LEC,0
KT Rolster,Kwangdong Freecs,2024-03-24,LCK,1
FearX,OKSavingsBank BRION,2024-03-24,LCK,1
DRX,T1,2024-03-23,LCK,0
Hanwha Life Esports,Dplus KIA,2024-03-23,LCK,1
Nongshim RedForce,FearX,2024-03-22,LCK,1
Gen.G,OKSavingsBank BRION,2024-03-22,LCK,1
Dplus KIA,Kwangdong Freecs,2024-03-21,LCK,0
KT Rolster,Hanwha Life Esports,2024-03-21,LCK,0
Nongshim RedForce,T1,2024-03-20,LCK,0
DRX,Gen.G,2024-03-20,LCK,0
Dplus KIA,Gen.G,2024-03-17,LCK,0
OKSavingsBank BRION,Nongshim RedForce,2024-03-17,LCK,0
KT Rolster,DRX,2024-03-16,LCK,1
FearX,Kwangdong Freecs,2024-03-16,LCK,1
T1,Hanwha Life Esports,2024-03-15,LCK,0
Gen.G,Nongshim RedForce,2024-03-15,LCK,1
OKSavingsBank BRION,KT Rolster,2024-03-14,LCK,0
FearX,DRX,2024-03-14,LCK,1
Dplus KIA,T1,2024-03-13,LCK,0
Hanwha Life Esports,Kwangdong Freecs,2024-03-13,LCK,1
FearX,Dplus KIA,2024-03-10,LCK,0
KT Rolster,Nongshim RedForce,2024-03-10,LCK,1
Kwangdong Freecs,DRX,2024-03-09,LCK,0
T1,Gen.G,2024-03-09,LCK,0
Nongshim RedForce,Dplus KIA,2024-03-08,LCK,0
OKSavingsBank BRION,Hanwha Life Esports,2024-03-08,LCK,0
FearX,KT Rolster,2024-03-07,LCK,0
Kwangdong Freecs,T1,2024-03-07,LCK,0
Gen.G,Hanwha Life Esports,2024-03-06,LCK,1
OKSavingsBank BRION,DRX,2024-03-06,LCK,1
DRX,Hanwha Life Esports,2024-03-03,LCK,0
KT Rolster,Dplus KIA,2024-03-03,LCK,0
T1,OKSavingsBank BRION,2024-03-02,LCK,1
Kwangdong Freecs,Nongshim RedForce,2024-03-02,LCK,1
Gen.G,KT Rolster,2024-03-01,LCK,1
Hanwha Life Esports,FearX,2024-03-01,LCK,1
Nongshim RedForce,DRX,2024-02-29,LCK,0
Dplus KIA,OKSavingsBank BRION,2024-02-29,LCK,1
T1,FearX,2024-02-28,LCK,1
Kwangdong Freecs,Gen.G,2024-02-28,LCK,0
OKSavingsBank BRION,Kwangdong Freecs,2024-02-26,LCK,1
DRX,Dplus KIA,2024-02-25,LCK,0
Gen.G,FearX,2024-02-24,LCK,1
T1,KT Rolster,2024-02-24,LCK,1
Hanwha Life Esports,Nongshim RedForce,2024-02-23,LCK,1
Kwangdong Freecs,OKSavingsBank BRION,2024-02-23,LCK,0
Gen.G,DRX,2024-02-22,LCK,1
Dplus KIA,FearX,2024-02-22,LCK,1
Hanwha Life Esports,KT Rolster,2024-02-21,LCK,1
T1,Nongshim RedForce,2024-02-21,LCK,1
Nongshim RedForce,OKSavingsBank BRION,2024-02-18,LCK,1
FearX,T1,2024-02-18,LCK,0
Dplus KIA,DRX,2024-02-17,LCK,1
Gen.G,Hanwha Life Esports,2024-02-17,LCK,1
Kwangdong Freecs,FearX,2024-02-16,LCK,1
Nongshim RedForce,KT Rolster,2024-02-16,LCK,0
Hanwha Life Esports,OKSavingsBank BRION,2024-02-15,LCK,1
T1,Dplus KIA,2024-02-15,LCK,1
DRX,Kwangdong Freecs,2024-02-14,LCK,0
KT Rolster,Gen.G,2024-02-14,LCK,1
FearX,Gen.G,2024-02-04,LCK,0
Nongshim RedForce,Hanwha Life Esports,2024-02-04,LCK,0
T1,OKSavingsBank BRION,2024-02-03,LCK,1
DRX,KT Rolster,2024-02-03,LCK,0
Dplus KIA,Hanwha Life Esports,2024-02-02,LCK,0
Kwangdong Freecs,Gen.G,2024-02-02,LCK,0
FearX,Nongshim RedForce,2024-02-01,LCK,1
T1,DRX,2024-02-01,LCK,1
KT Rolster,OKSavingsBank BRION,2024-01-31,LCK,1
Kwangdong Freecs,Dplus KIA,2024-01-31,LCK,1
Hanwha Life Esports,T1,2024-01-28,LCK,0
DRX,OKSavingsBank BRION,2024-01-28,LCK,1
Kwangdong Freecs,Nongshim RedForce,2024-01-27,LCK,1
Gen.G,Dplus KIA,2024-01-27,LCK,1
FearX,DRX,2024-01-26,LCK,1
KT Rolster,T1,2024-01-26,LCK,0
OKSavingsBank BRION,Gen.G,2024-01-25,LCK,0
Dplus KIA,Nongshim RedForce,2024-01-25,LCK,1
KT Rolster,Kwangdong Freecs,2024-01-24,LCK,0
FearX,Hanwha Life Esports,2024-01-24,LCK,0
Dplus KIA,KT Rolster,2024-01-21,LCK,0
Hanwha Life Esports,Kwangdong Freecs,2024-01-21,LCK,1
Nongshim RedForce,Gen.G,2024-01-20,LCK,0
OKSavingsBank BRION,FearX,2024-01-20,LCK,0
T1,Kwangdong Freecs,2024-01-19,LCK,1
Hanwha Life Esports,DRX,2024-01-19,LCK,1
KT Rolster,FearX,2024-01-18,LCK,1
OKSavingsBank BRION,Dplus KIA,2024-01-18,LCK,0
Gen.G,T1,2024-01-17,LCK,1
DRX,Nongshim RedForce,2024-01-17,LCK,0
Gen.G,T1,2024-04-14,LCK,1
Hanwha Life Esports,T1,2024-04-13,LCK,0
T1,Dplus KIA,2024-04-07,LCK,1
Gen.G,Hanwha Life Esports,2024-04-06,LCK,1
T1,Hanwha Life Esports,2024-04-04,LCK,0
Gen.G,Dplus KIA,2024-04-03,LCK,1
KT Rolster,Dplus KIA,2024-03-31,LCK,0
Hanwha Life Esports,Kwangdong Freecs,2024-03-30,LCK,1
Hanwha Life Esports,Gen.G,2024-08-18,LCK,0
Nongshim RedForce,OKSavingsBank BRION,2024-08-18,LCK,1
T1,FearX,2024-08-17,LCK,1
Dplus KIA,KT Rolster,2024-08-17,LCK,1
Gen.G,Nongshim RedForce,2024-08-16,LCK,1
DRX,Kwangdong Freecs,2024-08-16,LCK,1
OKSavingsBank BRION,Dplus KIA,2024-08-15,LCK,0
Hanwha Life Esports,FearX,2024-08-15,LCK,1
Kwangdong Freecs,T1,2024-08-14,LCK,0
KT Rolster,DRX,2024-08-14,LCK,1
OKSavingsBank BRION,T1,2024-08-11,LCK,0
Nongshim RedForce,Dplus KIA,2024-08-11,LCK,0
Hanwha Life Esports,DRX,2024-08-10,LCK,1
FearX,Kwangdong Freecs,2024-08-10,LCK,1
T1,Nongshim RedForce,2024-08-09,LCK,0
Gen.G,KT Rolster,2024-08-09,LCK,0
Dplus KIA,FearX,2024-08-08,LCK,1
Hanwha Life Esports,OKSavingsBank BRION,2024-08-08,LCK,1
Kwangdong Freecs,KT Rolster,2024-08-07,LCK,1
DRX,Gen.G,2024-08-07,LCK,0
Kwangdong Freecs,Nongshim RedForce,2024-08-04,LCK,1
OKSavingsBank BRION,KT Rolster,2024-08-04,LCK,1
FearX,DRX,2024-08-03,LCK,1
T1,Gen.G,2024-08-03,LCK,0
Dplus KIA,Kwangdong Freecs,2024-08-02,LCK,1
Nongshim RedForce,Hanwha Life Esports,2024-08-02,LCK,0
FearX,Gen.G,2024-08-01,LCK,0
DRX,OKSavingsBank BRION,2024-08-01,LCK,1
KT Rolster,Hanwha Life Esports,2024-07-31,LCK,1
T1,Dplus KIA,2024-07-31,LCK,1
KT Rolster,Nongshim RedForce,2024-07-28,LCK,1
DRX,T1,2024-07-28,LCK,0
Gen.G,Kwangdong Freecs,2024-07-27,LCK,1
Hanwha Life Esports,Dplus KIA,2024-07-27,LCK,1
KT Rolster,T1,2024-07-26,LCK,0
FearX,OKSavingsBank BRION,2024-07-26,LCK,1
Dplus KIA,DRX,2024-07-25,LCK,1
Hanwha Life Esports,Kwangdong Freecs,2024-07-25,LCK,1
OKSavingsBank BRION,Gen.G,2024-07-24,LCK,0
FearX,Nongshim RedForce,2024-07-24,LCK,1
DRX,Nongshim RedForce,2024-07-21,LCK,0
KT Rolster,FearX,2024-07-21,LCK,0
Gen.G,Dplus KIA,2024-07-20,LCK,1
T1,Hanwha Life Esports,2024-07-20,LCK,0
Kwangdong Freecs,OKSavingsBank BRION,2024-07-19,LCK,0
KT Rolster,DRX,2024-07-19,LCK,1
Gen.G,Nongshim RedForce,2024-07-18,LCK,1
FearX,T1,2024-07-18,LCK,1
Hanwha Life Esports,Kwangdong Freecs,2024-07-17,LCK,1
Dplus KIA,OKSavingsBank BRION,2024-07-17,LCK,1
FearX,Hanwha Life Esports,2024-07-14,LCK,0
DRX,Kwangdong Freecs,2024-07-14,LCK,0
OKSavingsBank BRION,Nongshim RedForce,2024-07-13,LCK,0
Dplus KIA,Gen.G,2024-07-13,LCK,0
Hanwha Life Esports,T1,2024-07-12,LCK,1
FearX,KT Rolster,2024-07-12,LCK,0
Gen.G,Kwangdong Freecs,2024-07-11,LCK,1
DRX,Dplus KIA,2024-07-11,LCK,0
Nongshim RedForce,KT Rolster,2024-07-10,LCK,0
T1,OKSavingsBank BRION,2024-07-10,LCK,1
Dplus KIA,Kwangdong Freecs,2024-06-30,LCK,1
OKSavingsBank BRION,FearX,2024-06-30,LCK,0
Hanwha Life Esports,Nongshim RedForce,2024-06-29,LCK,1
T1,KT Rolster,2024-06-29,LCK,0
Gen.G,DRX,2024-06-28,LCK,1
FearX,Kwangdong Freecs,2024-06-28,LCK,0
KT Rolster,OKSavingsBank BRION,2024-06-27,LCK,1
Nongshim RedForce,Dplus KIA,2024-06-27,LCK,0
Gen.G,Hanwha Life Esports,2024-06-26,LCK,1
T1,DRX,2024-06-26,LCK,1
Hanwha Life Esports,KT Rolster,2024-06-23,LCK,1
Gen.G,OKSavingsBank BRION,2024-06-23,LCK,1
FearX,Dplus KIA,2024-06-22,LCK,0
Nongshim RedForce,DRX,2024-06-22,LCK,1
T1,Kwangdong Freecs,2024-06-21,LCK,1
OKSavingsBank BRION,Hanwha Life Esports,2024-06-21,LCK,0
DRX,FearX,2024-06-20,LCK,1
KT Rolster,Gen.G,2024-06-20,LCK,0
Dplus KIA,T1,2024-06-19,LCK,0
Nongshim RedForce,Kwangdong Freecs,2024-06-19,LCK,0
Gen.G,T1,2024-06-16,LCK,1
DRX,Hanwha Life Esports,2024-06-16,LCK,0
KT Rolster,Dplus KIA,2024-06-15,LCK,0
OKSavingsBank BRION,Kwangdong Freecs,2024-06-15,LCK,0
T1,Nongshim RedForce,2024-06-14,LCK,1
Gen.G,FearX,2024-06-14,LCK,1
OKSavingsBank BRION,DRX,2024-06-13,LCK,0
KT Rolster,Kwangdong Freecs,2024-06-13,LCK,0
Nongshim RedForce,FearX,2024-06-12,LCK,0
Dplus KIA,Hanwha Life Esports,2024-06-12,LCK,1
Gen.G,Hanwha Life Esports,2024-09-08,LCK,0
Hanwha Life Esports,T1,2024-09-07,LCK,1
Dplus KIA,T1,2024-09-01,LCK,0
Gen.G,Hanwha Life Esports,2024-08-31,LCK,1
Hanwha Life Esports,T1,2024-08-29,LCK,1
Gen.G,Dplus KIA,2024-08-28,LCK,1
T1,KT Rolster,2024-08-24,LCK,1
Dplus KIA,FearX,2024-08-23,LCK,1
T1,KT Rolster,2024-09-14,LCK,1
KT Rolster,FearX,2024-09-13,LCK,1
T1,Dplus KIA,2024-09-12,LCK,0
NRG,Dignitas,2024-03-10,LCS,0
FlyQuest,Dignitas,2024-03-10,LCS,1
Cloud9,Shopify Rebellion,2024-03-10,LCS,1
NRG,100 Thieves,2024-03-10,LCS,0
Immortals,Team Liquid,2024-03-10,LCS,0
Shopify Rebellion,100 Thieves,2024-03-09,LCS,0
Team Liquid,Dignitas,2024-03-09,LCS,0
FlyQuest,NRG,2024-03-09,LCS,1
Immortals,Cloud9,2024-03-09,LCS,1
NRG,Shopify Rebellion,2024-03-08,LCS,0
100 Thieves,Immortals,2024-03-08,LCS,1
Team Liquid,FlyQuest,2024-03-08,LCS,1
Dignitas,Cloud9,2024-03-08,LCS,0
Dignitas,Shopify Rebellion,2024-03-03,LCS,1
Team Liquid,Cloud9,2024-03-03,LCS,0
Immortals,NRG,2024-03-03,LCS,0
FlyQuest,100 Thieves,2024-03-03,LCS,1
Shopify Rebellion,Immortals,2024-03-02,LCS,1
NRG,Team Liquid,2024-03-02,LCS,1
100 Thieves,Dignitas,2024-03-02,LCS,1
Cloud9,FlyQuest,2024-03-02,LCS,1
Dignitas,NRG,2024-02-11,LCS,1
100 Thieves,Cloud9,2024-02-11,LCS,1
FlyQuest,Immortals,2024-02-11,LCS,1
Team Liquid,Shopify Rebellion,2024-02-11,LCS,1
Immortals,Dignitas,2024-02-10,LCS,0
NRG,Cloud9,2024-02-10,LCS,0
100 Thieves,Team Liquid,2024-02-10,LCS,1
Shopify Rebellion,FlyQuest,2024-02-10,LCS,1
NRG,Immortals,2024-02-04,LCS,0
Shopify Rebellion,100 Thieves,2024-02-04,LCS,0
Team Liquid,Cloud9,2024-02-04,LCS,1
Dignitas,FlyQuest,2024-02-04,LCS,0
NRG,Shopify Rebellion,2024-02-03,LCS,0
Immortals,100 Thieves,2024-02-03,LCS,0
FlyQuest,Cloud9,2024-02-03,LCS,1
Dignitas,Team Liquid,2024-02-03,LCS,0
100 Thieves,FlyQuest,2024-02-02,LCS,0
Shopify Rebellion,Dignitas,2024-02-02,LCS,0
Team Liquid,NRG,2024-02-02,LCS,0
Cloud9,Immortals,2024-02-02,LCS,0
Team Liquid,Immortals,2024-01-28,LCS,1
NRG,FlyQuest,2024-01-28,LCS,1
Shopify Rebellion,Cloud9,2024-01-28,LCS,1
Dignitas,100 Thieves,2024-01-28,LCS,0
Immortals,Shopify Rebellion,2024-01-27,LCS,1
FlyQuest,Team Liquid,2024-01-27,LCS,1
100 Thieves,NRG,2024-01-27,LCS,0
Cloud9,Dignitas,2024-01-27,LCS,1
NRG,Dignitas,2024-01-21,LCS,1
Immortals,FlyQuest,2024-01-21,LCS,0
100 Thieves,Cloud9,2024-01-21,LCS,0
Team Liquid,Shopify Rebellion,2024-01-21,LCS,1
Dignitas,Immortals,2024-01-20,LCS,1
FlyQuest,Shopify Rebellion,2024-01-20,LCS,1
Cloud9,NRG,2024-01-20,LCS,1
Team Liquid,100 Thieves,2024-01-20,LCS,0
FlyQuest,Team Liquid,2024-03-31,LCS,0
Cloud9,Team Liquid,2024-03-30,LCS,0
Cloud9,FlyQuest,2024-03-23,LCS,0
100 Thieves,Team Liquid,2024-03-22,LCS,0
Team Liquid,Dignitas,2024-03-17,LCS,1
100 Thieves,NRG,2024-03-16,LCS,1
FlyQuest,Team Liquid,2024-03-15,LCS,1
100 Thieves,Cloud9,2024-03-14,LCS,0
Dignitas,Immortals,2024-08-11,LCS,1
FlyQuest,Cloud9,2024-08-11,LCS,0
Shopify Rebellion,100 Thieves,2024-08-10,LCS,0
NRG,Team Liquid,2024-08-10,LCS,0
Team Liquid,Cloud9,2024-08-04,LCS,1
FlyQuest,Shopify Rebellion,2024-08-04,LCS,1
NRG,Dignitas,2024-08-03,LCS,0
100 Thieves,Immortals,2024-08-03,LCS,1
FlyQuest,100 Thieves,2024-07-28,LCS,1
Team Liquid,Immortals,2024-07-28,LCS,1
Shopify Rebellion,Dignitas,2024-07-27,LCS,1
Cloud9,NRG,2024-07-27,LCS,1
NRG,Shopify Rebellion,2024-07-21,LCS,1
Cloud9,100 Thieves,2024-07-21,LCS,1
FlyQuest,Immortals,2024-07-20,LCS,1
Dignitas,Team Liquid,2024-07-20,LCS,0
Dignitas,FlyQuest,2024-06-28,LCS,0
Shopify Rebellion,Cloud9,2024-06-28,LCS,0
Immortals,NRG,2024-06-27,LCS,0
100 Thieves,Team Liquid,2024-06-27,LCS,0
Team Liquid,Shopify Rebellion,2024-06-23,LCS,1
FlyQuest,NRG,2024-06-23,LCS,1
100 Thieves,Dignitas,2024-06-22,LCS,0
Cloud9,Immortals,2024-06-22,LCS,1
Immortals,Shopify Rebellion,2024-06-16,LCS,1
100 Thieves,NRG,2024-06-16,LCS,1
Cloud9,Dignitas,2024-06-15,LCS,1
Team Liquid,FlyQuest,2024-06-15,LCS,1
Team Liquid,FlyQuest,2024-09-07,LCS,0
FlyQuest,100 Thieves,2024-09-06,LCS,1
Cloud9,100 Thieves,2024-09-01,LCS,0
Team Liquid,FlyQuest,2024-08-31,LCS,1
100 Thieves,Dignitas,2024-08-30,LCS,1
Cloud9,FlyQuest,2024-08-25,LCS,0
Team Liquid,100 Thieves,2024-08-24,LCS,1
Dignitas,NRG,2024-08-23,LCS,1
FlyQuest,NRG,2024-08-18,LCS,1
Dignitas,100 Thieves,2024-08-17,LCS,0
paiN Gaming,INTZ e-Sports,2024-03-17,CBLOL,1
Fluxo W7M,Liberty,2024-03-17,CBLOL,1
FURIA Esports,RED Canids,2024-03-17,CBLOL,0
KaBuM! e-Sports,Los Grandes,2024-03-17,CBLOL,0
LOUD,Vivo Keyd Stars,2024-03-17,CBLOL,0
INTZ e-Sports,Fluxo W7M,2024-03-16,CBLOL,1
Vivo Keyd Stars,paiN Gaming,2024-03-16,CBLOL,1
KaBuM! e-Sports,FURIA Esports,2024-03-16,CBLOL,1
LOUD,Los Grandes,2024-03-16,CBLOL,1
Liberty,RED Canids,2024-03-16,CBLOL,0
INTZ e-Sports,KaBuM! e-Sports,2024-03-10,CBLOL,1
paiN Gaming,Fluxo W7M,2024-03-10,CBLOL,0
Los Grandes,Liberty,2024-03-10,CBLOL,1
RED Canids,LOUD,2024-03-10,CBLOL,0
Vivo Keyd Stars,FURIA Esports,2024-03-10,CBLOL,1
Fluxo W7M,RED Canids,2024-03-09,CBLOL,0
FURIA Esports,Los Grandes,2024-03-09,CBLOL,0
Liberty,Vivo Keyd Stars,2024-03-09,CBLOL,1
LOUD,INTZ e-Sports,2024-03-09,CBLOL,1
paiN Gaming,KaBuM! e-Sports,2024-03-09,CBLOL,0
Fluxo W7M,LOUD,2024-03-03,CBLOL,0
Los Grandes,paiN Gaming,2024-03-03,CBLOL,0
FURIA Esports,INTZ e-Sports,2024-03-03,CBLOL,1
KaBuM! e-Sports,Liberty,2024-03-03,CBLOL,0
RED Canids,Vivo Keyd Stars,2024-03-03,CBLOL,1
LOUD,FURIA Esports,2024-03-02,CBLOL,1
Vivo Keyd Stars,Fluxo W7M,2024-03-02,CBLOL,1
RED Canids,KaBuM! e-Sports,2024-03-02,CBLOL,1
paiN Gaming,Liberty,2024-03-02,CBLOL,0
INTZ e-Sports,Los Grandes,2024-03-02,CBLOL,0
FURIA Esports,paiN Gaming,2024-02-25,CBLOL,0
Liberty,LOUD,2024-02-25,CBLOL,1
INTZ e-Sports,Vivo Keyd Stars,2024-02-25,CBLOL,0
Los Grandes,RED Canids,2024-02-25,CBLOL,0
KaBuM! e-Sports,Fluxo W7M,2024-02-25,CBLOL,0
Liberty,FURIA Esports,2024-02-24,CBLOL,1
RED Canids,INTZ e-Sports,2024-02-24,CBLOL,1
Fluxo W7M,Los Grandes,2024-02-24,CBLOL,0
Vivo Keyd Stars,KaBuM! e-Sports,2024-02-24,CBLOL,1
LOUD,paiN Gaming,2024-02-24,CBLOL,1
Los Grandes,Vivo Keyd Stars,2024-02-18,CBLOL,0
KaBuM! e-Sports,LOUD,2024-02-18,CBLOL,1
paiN Gaming,RED Canids,2024-02-18,CBLOL,1
FURIA Esports,Fluxo W7M,2024-02-18,CBLOL,0
INTZ e-Sports,Liberty,2024-02-18,CBLOL,0
Los Grandes,KaBuM! e-Sports,2024-02-17,CBLOL,0
INTZ e-Sports,paiN Gaming,2024-02-17,CBLOL,0
Vivo Keyd Stars,LOUD,2024-02-17,CBLOL,1
Liberty,Fluxo W7M,2024-02-17,CBLOL,1
RED Canids,FURIA Esports,2024-02-17,CBLOL,1
Los Grandes,LOUD,2024-02-11,CBLOL,1
Fluxo W7M,INTZ e-Sports,2024-02-11,CBLOL,1
RED Canids,Liberty,2024-02-11,CBLOL,1
FURIA Esports,KaBuM! e-Sports,2024-02-11,CBLOL,0
paiN Gaming,Vivo Keyd Stars,2024-02-11,CBLOL,1
KaBuM! e-Sports,INTZ e-Sports,2024-02-10,CBLOL,1
FURIA Esports,Vivo Keyd Stars,2024-02-10,CBLOL,0
LOUD,RED Canids,2024-02-10,CBLOL,1
Fluxo W7M,paiN Gaming,2024-02-10,CBLOL,0
Liberty,Los Grandes,2024-02-10,CBLOL,0
Vivo Keyd Stars,Liberty,2024-02-04,CBLOL,1
Los Grandes,FURIA Esports,2024-02-04,CBLOL,0
INTZ e-Sports,LOUD,2024-02-04,CBLOL,0
KaBuM! e-Sports,paiN Gaming,2024-02-04,CBLOL,0
RED Canids,Fluxo W7M,2024-02-04,CBLOL,0
Liberty,KaBuM! e-Sports,2024-02-03,CBLOL,0
Vivo Keyd Stars,RED Canids,2024-02-03,CBLOL,0
paiN Gaming,Los Grandes,2024-02-03,CBLOL,1
LOUD,Fluxo W7M,2024-02-03,CBLOL,1
INTZ e-Sports,FURIA Esports,2024-02-03,CBLOL,0
Fluxo W7M,Vivo Keyd Stars,2024-01-28,CBLOL,0
KaBuM! e-Sports,RED Canids,2024-01-28,CBLOL,1
Liberty,paiN Gaming,2024-01-28,CBLOL,1
Los Grandes,INTZ e-Sports,2024-01-28,CBLOL,1
FURIA Esports,LOUD,2024-01-28,CBLOL,0
RED Canids,Los Grandes,2024-01-27,CBLOL,1
LOUD,Liberty,2024-01-27,CBLOL,1
paiN Gaming,FURIA Esports,2024-01-27,CBLOL,1
Vivo Keyd Stars,INTZ e-Sports,2024-01-27,CBLOL,1
Fluxo W7M,KaBuM! e-Sports,2024-01-27,CBLOL,0
paiN Gaming,LOUD,2024-01-21,CBLOL,1
FURIA Esports,Liberty,2024-01-21,CBLOL,1
KaBuM! e-Sports,Vivo Keyd Stars,2024-01-21,CBLOL,1
INTZ e-Sports,RED Canids,2024-01-21,CBLOL,1
Los Grandes,Fluxo W7M,2024-01-21,CBLOL,1
RED Canids,paiN Gaming,2024-01-20,CBLOL,1
Liberty,INTZ e-Sports,2024-01-20,CBLOL,1
Fluxo W7M,FURIA Esports,2024-01-20,CBLOL,1
Vivo Keyd Stars,Los Grandes,2024-01-20,CBLOL,1
LOUD,KaBuM! e-Sports,2024-01-20,CBLOL,1
LOUD,paiN Gaming,2024-04-20,CBLOL,1
Vivo Keyd Stars,paiN Gaming,2024-04-14,CBLOL,0
Vivo Keyd Stars,RED Canids,2024-04-13,CBLOL,1
LOUD,paiN Gaming,2024-04-07,CBLOL,1
Vivo Keyd Stars,Los Grandes,2024-04-06,CBLOL,1
RED Canids,KaBuM! e-Sports,2024-04-05,CBLOL,1
LOUD,RED Canids,2024-03-31,CBLOL,1
paiN Gaming,Vivo Keyd Stars,2024-03-30,CBLOL,1
Los Grandes,RED Canids,2024-03-23,CBLOL,0
paiN Gaming,KaBuM! e-Sports,2024-03-22,CBLOL,1
Fluxo W7M,FURIA Esports,2024-07-29,CBLOL,0
KaBuM! e-Sports,FURIA Esports,2024-07-29,CBLOL,0
RED Canids,KaBuM! e-Sports,2024-07-28,CBLOL,1
Los Grandes,Liberty,2024-07-28,CBLOL,0
INTZ e-Sports,Vivo Keyd Stars,2024-07-28,CBLOL,0
paiN Gaming,FURIA Esports,2024-07-28,CBLOL,1
LOUD,Fluxo W7M,2024-07-28,CBLOL,0
KaBuM! e-Sports,Los Grandes,2024-07-27,CBLOL,0
Fluxo W7M,RED Canids,2024-07-27,CBLOL,0
paiN Gaming,INTZ e-Sports,2024-07-27,CBLOL,1
LOUD,FURIA Esports,2024-07-27,CBLOL,0
Liberty,Vivo Keyd Stars,2024-07-27,CBLOL,0
KaBuM! e-Sports,paiN Gaming,2024-07-21,CBLOL,1
RED Canids,Los Grandes,2024-07-21,CBLOL,1
FURIA Esports,Liberty,2024-07-21,CBLOL,1
Vivo Keyd Stars,LOUD,2024-07-21,CBLOL,1
Fluxo W7M,INTZ e-Sports,2024-07-21,CBLOL,0
Los Grandes,Vivo Keyd Stars,2024-07-20,CBLOL,0
INTZ e-Sports,FURIA Esports,2024-07-20,CBLOL,0
Liberty,Fluxo W7M,2024-07-20,CBLOL,0
LOUD,KaBuM! e-Sports,2024-07-20,CBLOL,1
RED Canids,paiN Gaming,2024-07-20,CBLOL,1
Los Grandes,LOUD,2024-07-14,CBLOL,0
FURIA Esports,RED Canids,2024-07-14,CBLOL,0
INTZ e-Sports,KaBuM! e-Sports,2024-07-14,CBLOL,0
paiN Gaming,Liberty,2024-07-14,CBLOL,1
Vivo Keyd Stars,Fluxo W7M,2024-07-14,CBLOL,1
LOUD,INTZ e-Sports,2024-07-13,CBLOL,0
Fluxo W7M,Los Grandes,2024-07-13,CBLOL,1
Vivo Keyd Stars,paiN Gaming,2024-07-13,CBLOL,0
RED Canids,Liberty,2024-07-13,CBLOL,1
KaBuM! e-Sports,FURIA Esports,2024-07-13,CBLOL,1
INTZ e-Sports,RED Canids,2024-07-12,CBLOL,0
Liberty,LOUD,2024-07-12,CBLOL,0
KaBuM! e-Sports,Fluxo W7M,2024-07-12,CBLOL,1
FURIA Esports,Vivo Keyd Stars,2024-07-12,CBLOL,0
paiN Gaming,Los Grandes,2024-07-12,CBLOL,1
Liberty,INTZ e-Sports,2024-06-30,CBLOL,1
Vivo Keyd Stars,KaBuM! e-Sports,2024-06-30,CBLOL,1
Los Grandes,FURIA Esports,2024-06-30,CBLOL,0
Fluxo W7M,paiN Gaming,2024-06-30,CBLOL,0
LOUD,RED Canids,2024-06-30,CBLOL,0
FURIA Esports,Fluxo W7M,2024-06-29,CBLOL,1
paiN Gaming,LOUD,2024-06-29,CBLOL,1
RED Canids,Vivo Keyd Stars,2024-06-29,CBLOL,0
INTZ e-Sports,Los Grandes,2024-06-29,CBLOL,1
KaBuM! e-Sports,Liberty,2024-06-29,CBLOL,1
FURIA Esports,paiN Gaming,2024-06-28,CBLOL,0
KaBuM! e-Sports,RED Canids,2024-06-28,CBLOL,1
Fluxo W7M,LOUD,2024-06-28,CBLOL,0
Liberty,Los Grandes,2024-06-28,CBLOL,1
Vivo Keyd Stars,INTZ e-Sports,2024-06-28,CBLOL,1
FURIA Esports,LOUD,2024-06-23,CBLOL,0
Los Grandes,KaBuM! e-Sports,2024-06-23,CBLOL,0
Vivo Keyd Stars,Liberty,2024-06-23,CBLOL,1
INTZ e-Sports,paiN Gaming,2024-06-23,CBLOL,0
RED Canids,Fluxo W7M,2024-06-23,CBLOL,1
paiN Gaming,KaBuM! e-Sports,2024-06-22,CBLOL,1
INTZ e-Sports,Fluxo W7M,2024-06-22,CBLOL,1
LOUD,Vivo Keyd Stars,2024-06-22,CBLOL,1
Los Grandes,RED Canids,2024-06-22,CBLOL,1
Liberty,FURIA Esports,2024-06-22,CBLOL,0
Fluxo W7M,Liberty,2024-06-16,CBLOL,1
FURIA Esports,INTZ e-Sports,2024-06-16,CBLOL,1
KaBuM! e-Sports,LOUD,2024-06-16,CBLOL,0
paiN Gaming,RED Canids,2024-06-16,CBLOL,1
Vivo Keyd Stars,Los Grandes,2024-06-16,CBLOL,1
Liberty,paiN Gaming,2024-06-15,CBLOL,0
Fluxo W7M,Vivo Keyd Stars,2024-06-15,CBLOL,1
RED Canids,FURIA Esports,2024-06-15,CBLOL,1
LOUD,Los Grandes,2024-06-15,CBLOL,1
KaBuM! e-Sports,INTZ e-Sports,2024-06-15,CBLOL,1
Los Grandes,Fluxo W7M,2024-06-09,CBLOL,0
paiN Gaming,Vivo Keyd Stars,2024-06-09,CBLOL,0
Liberty,RED Canids,2024-06-09,CBLOL,0
FURIA Esports,KaBuM! e-Sports,2024-06-09,CBLOL,1
INTZ e-Sports,LOUD,2024-06-09,CBLOL,1
Vivo Keyd Stars,FURIA Esports,2024-06-08,CBLOL,1
LOUD,Liberty,2024-06-08,CBLOL,1
RED Canids,INTZ e-Sports,2024-06-08,CBLOL,0
Fluxo W7M,KaBuM! e-Sports,2024-06-08,CBLOL,1
Los Grandes,paiN Gaming,2024-06-08,CBLOL,0
RED Canids,LOUD,2024-06-02,CBLOL,0
INTZ e-Sports,Liberty,2024-06-02,CBLOL,1
paiN Gaming,Fluxo W7M,2024-06-02,CBLOL,0
KaBuM! e-Sports,Vivo Keyd Stars,2024-06-02,CBLOL,0
FURIA Esports,Los Grandes,2024-06-02,CBLOL,1
Vivo Keyd Stars,RED Canids,2024-06-01,CBLOL,1
Liberty,KaBuM! e-Sports,2024-06-01,CBLOL,0
Los Grandes,INTZ e-Sports,2024-06-01,CBLOL,0
Fluxo W7M,FURIA Esports,2024-06-01,CBLOL,1
LOUD,paiN Gaming,2024-06-01,CBLOL,0
paiN Gaming,Vivo Keyd Stars,2024-09-07,CBLOL,1
Vivo Keyd Stars,RED Canids,2024-08-24,CBLOL,1
RED Canids,LOUD,2024-08-23,CBLOL,1
Vivo Keyd Stars,paiN Gaming,2024-08-18,CBLOL,0
LOUD,FURIA Esports,2024-08-17,CBLOL,1
Vivo Keyd Stars,RED Canids,2024-08-11,CBLOL,1
LOUD,paiN Gaming,2024-08-10,CBLOL,0
FURIA Esports,Fluxo W7M,2024-08-09,CBLOL,1
RED Canids,Fluxo W7M,2024-08-04,CBLOL,1
LOUD,FURIA Esports,2024-08-03,CBLOL,1
Leviatan,Infinity eSports,2024-02-29,LLA,1
Isurus,Six Karma,2024-02-29,LLA,1
Six Karma,Estral Esports,2024-02-28,LLA,1
All Knights,Isurus,2024-02-28,LLA,0
Movistar R7,Leviatan,2024-02-27,LLA,1
All Knights,Estral Esports,2024-02-27,LLA,0
Isurus,Estral Esports,2024-02-22,LLA,0
All Knights,Infinity eSports,2024-02-22,LLA,1
All Knights,Movistar R7,2024-02-21,LLA,0
Six Karma,Infinity eSports,2024-02-21,LLA,1
Leviatan,Six Karma,2024-02-20,LLA,1
Isurus,Movistar R7,2024-02-20,LLA,0
Leviatan,Estral Esports,2024-02-15,LLA,0
Six Karma,Movistar R7,2024-02-15,LLA,0
All Knights,Six Karma,2024-02-14,LLA,1
Movistar R7,Infinity eSports,2024-02-14,LLA,1
Infinity eSports,Estral Esports,2024-02-13,LLA,0
Leviatan,Isurus,2024-02-13,LLA,0
Leviatan,All Knights,2024-02-08,LLA,0
Infinity eSports,Isurus,2024-02-08,LLA,0
Estral Esports,Movistar R7,2024-02-07,LLA,1
Leviatan,Infinity eSports,2024-02-07,LLA,1
Isurus,Six Karma,2024-02-07,LLA,1
Six Karma,Estral Esports,2024-02-06,LLA,0
All Knights,Isurus,2024-02-06,LLA,0
All Knights,Movistar R7,2024-02-01,LLA,0
Leviatan,Movistar R7,2024-01-31,LLA,0
Estral Esports,All Knights,2024-01-31,LLA,1
Isurus,Estral Esports,2024-01-30,LLA,0
Six Karma,Infinity eSports,2024-01-30,LLA,1
Isurus,Movistar R7,2024-01-25,LLA,0
Six Karma,All Knights,2024-01-25,LLA,0
Infinity eSports,All Knights,2024-01-24,LLA,1
Leviatan,Six Karma,2024-01-24,LLA,1
Estral Esports,Leviatan,2024-01-23,LLA,1
Movistar R7,Infinity eSports,2024-01-23,LLA,1
Leviatan,All Knights,2024-01-18,LLA,1
Estral Esports,Infinity eSports,2024-01-18,LLA,1
Six Karma,Movistar R7,2024-01-17,LLA,0
Isurus,Leviatan,2024-01-17,LLA,1
Infinity eSports,Isurus,2024-01-16,LLA,0
Movistar R7,Estral Esports,2024-01-16,LLA,0
Estral Esports,Movistar R7,2024-04-06,LLA,1
Movistar R7,Isurus,2024-03-26,LLA,1
Isurus,All Knights,2024-03-20,LLA,1
Estral Esports,Movistar R7,2024-03-19,LLA,1
Leviatan,All Knights,2024-03-13,LLA,0
All Knights,Six Karma,2024-03-12,LLA,1
Movistar R7,Isurus,2024-03-06,LLA,1
Estral Esports,Leviatan,2024-03-05,LLA,1
Estral Esports,Infinity eSports,2024-07-24,LLA,0
Infinity eSports,Six Karma,2024-07-23,LLA,1
Six Karma,Isurus,2024-07-17,LLA,0
Leviatan,Estral Esports,2024-07-17,LLA,0
Infinity eSports,Leviatan,2024-07-16,LLA,1
Six Karma,Estral Esports,2024-07-16,LLA,0
Isurus,Movistar R7,2024-07-16,LLA,0
Leviatan,Isurus,2024-07-10,LLA,0
Six Karma,Movistar R7,2024-07-10,LLA,0
Six Karma,Infinity eSports,2024-06-25,LLA,0
Estral Esports,Isurus,2024-06-25,LLA,0
Isurus,Six Karma,2024-06-19,LLA,1
Estral Esports,Six Karma,2024-06-18,LLA,1
Isurus,Movistar R7,2024-06-18,LLA,0
Leviatan,Infinity eSports,2024-06-18,LLA,1
Six Karma,Movistar R7,2024-06-12,LLA,0
Isurus,Leviatan,2024-06-12,LLA,1
Leviatan,Six Karma,2024-06-11,LLA,1
Movistar R7,Infinity eSports,2024-08-24,LLA,1
Isurus,Infinity eSports,2024-08-13,LLA,0
Estral Esports,Infinity eSports,2024-08-07,LLA,0
Movistar R7,Isurus,2024-08-06,LLA,1
Isurus,Infinity eSports,2024-07-31,LLA,1
Movistar R7,Estral Esports,2024-07-30,LLA,1
PSG Talon,CTBC Flying Oyster,2024-03-03,PCS,1
Beyond Gaming,Frank Esports,2024-03-03,PCS,1
HELL PIGS,Deep Cross Gaming,2024-03-02,PCS,0
J Team,West Point Esports,2024-03-02,PCS,1
Beyond Gaming,PSG Talon,2024-03-01,PCS,0
Frank Esports,CTBC Flying Oyster,2024-03-01,PCS,0
West Point Esports,HELL PIGS,2024-02-25,PCS,0
J Team,Deep Cross Gaming,2024-02-25,PCS,0
Frank Esports,PSG Talon,2024-02-24,PCS,0
CTBC Flying Oyster,Beyond Gaming,2024-02-24,PCS,1
J Team,HELL PIGS,2024-02-23,PCS,1
West Point Esports,Deep Cross Gaming,2024-02-23,PCS,0
PSG Talon,Deep Cross Gaming,2024-02-18,PCS,0
Frank Esports,CTBC Flying Oyster,2024-02-18,PCS,0
West Point Esports,HELL PIGS,2024-02-17,PCS,0
Beyond Gaming,J Team,2024-02-17,PCS,1
CTBC Flying Oyster,PSG Talon,2024-02-16,PCS,1
Deep Cross Gaming,Frank Esports,2024-02-16,PCS,0
HELL PIGS,Beyond Gaming,2024-02-15,PCS,0
J Team,West Point Esports,2024-02-15,PCS,1
J Team,Deep Cross Gaming,2024-02-04,PCS,1
CTBC Flying Oyster,HELL PIGS,2024-02-04,PCS,1
PSG Talon,Beyond Gaming,2024-02-03,PCS,1
Frank Esports,West Point Esports,2024-02-03,PCS,1
CTBC Flying Oyster,J Team,2024-02-02,PCS,1
HELL PIGS,Deep Cross Gaming,2024-02-02,PCS,0
PSG Talon,West Point Esports,2024-02-01,PCS,1
Frank Esports,Beyond Gaming,2024-02-01,PCS,1
HELL PIGS,J Team,2024-01-27,PCS,0
Frank Esports,PSG Talon,2024-01-27,PCS,1
Beyond Gaming,Deep Cross Gaming,2024-01-26,PCS,1
CTBC Flying Oyster,West Point Esports,2024-01-26,PCS,1
Frank Esports,HELL PIGS,2024-01-25,PCS,1
PSG Talon,J Team,2024-01-25,PCS,1
CTBC Flying Oyster,Deep Cross Gaming,2024-01-21,PCS,1
Beyond Gaming,West Point Esports,2024-01-21,PCS,1
PSG Talon,HELL PIGS,2024-01-20,PCS,1
Frank Esports,J Team,2024-01-20,PCS,1
West Point Esports,Deep Cross Gaming,2024-01-19,PCS,0
Beyond Gaming,CTBC Flying Oyster,2024-01-19,PCS,1
PSG Talon,SoftBank Hawks Gaming,2024-04-07,PCS,1
CTBC Flying Oyster,SoftBank Hawks Gaming,2024-04-06,PCS,0
SoftBank Hawks Gaming,Frank Esports,2024-03-31,PCS,1
CTBC Flying Oyster,PSG Talon,2024-03-30,PCS,0
SoftBank Hawks Gaming,Deep Cross Gaming,2024-03-28,PCS,1
Frank Esports,Beyond Gaming,2024-03-27,PCS,1
SoftBank Hawks Gaming,PSG Talon,2024-03-24,PCS,0
CTBC Flying Oyster,Frank Esports,2024-03-23,PCS,1
Frank Esports,Deep Cross Gaming,2024-03-21,PCS,1
PSG Talon,Beyond Gaming,2024-03-20,PCS,1
Detonation FocusMe,Deep Cross Gaming,2024-03-17,PCS,0
Detonation FocusMe,J Team,2024-03-16,PCS,1
Deep Cross Gaming,Ground Zero Gaming,2024-03-16,PCS,1
Antic Esports,J Team,2024-03-14,PCS,0
Detonation FocusMe,Frank Esports,2024-03-14,PCS,0
V3 Esports,Ground Zero Gaming,2024-03-13,PCS,0
Beyond Gaming,Deep Cross Gaming,2024-03-13,PCS,1
Frank Esports,Antic Esports,2024-03-12,PCS,1
Detonation FocusMe,J Team,2024-03-12,PCS,1
Ground Zero Gaming,Deep Cross Gaming,2024-03-11,PCS,0
Beyond Gaming,V3 Esports,2024-03-11,PCS,1
CTBC Flying Oyster,PSG Talon,2024-07-28,PCS,0
Frank Esports,J Team,2024-07-28,PCS,1
CTBC Flying Oyster,Deep Cross Gaming,2024-07-27,PCS,1
West Point Esports,HELL PIGS,2024-07-27,PCS,0
PSG Talon,Deep Cross Gaming,2024-07-26,PCS,0
Frank Esports,HELL PIGS,2024-07-26,PCS,1
PSG Talon,Deep Cross Gaming,2024-07-21,PCS,1
J Team,West Point Esports,2024-07-21,PCS,1
Deep Cross Gaming,CTBC Flying Oyster,2024-07-20,PCS,1
J Team,HELL PIGS,2024-07-20,PCS,1
PSG Talon,CTBC Flying Oyster,2024-07-19,PCS,1
Frank Esports,West Point Esports,2024-07-19,PCS,1
HELL PIGS,PSG Talon,2024-07-14,PCS,0
Frank Esports,Deep Cross Gaming,2024-07-14,PCS,0
J Team,CTBC Flying Oyster,2024-07-13,PCS,0
HELL PIGS,West Point Esports,2024-07-13,PCS,0
CTBC Flying Oyster,PSG Talon,2024-07-12,PCS,0
J Team,West Point Esports,2024-07-12,PCS,0
PSG Talon,Frank Esports,2024-06-30,PCS,1
CTBC Flying Oyster,West Point Esports,2024-06-30,PCS,1
J Team,Deep Cross Gaming,2024-06-29,PCS,0
Frank Esports,HELL PIGS,2024-06-29,PCS,1
PSG Talon,Deep Cross Gaming,2024-06-23,PCS,1
J Team,Frank Esports,2024-06-23,PCS,0
HELL PIGS,CTBC Flying Oyster,2024-06-22,PCS,0
Deep Cross Gaming,West Point Esports,2024-06-22,PCS,1
J Team,PSG Talon,2024-06-16,PCS,0
Frank Esports,CTBC Flying Oyster,2024-06-16,PCS,0
HELL PIGS,Deep Cross Gaming,2024-06-15,PCS,0
PSG Talon,West Point Esports,2024-06-15,PCS,1
Deep Cross Gaming,CTBC Flying Oyster,2024-06-08,PCS,0
West Point Esports,Frank Esports,2024-06-08,PCS,0
J Team,HELL PIGS,2024-06-08,PCS,1
PSG Talon,SoftBank Hawks Gaming,2024-09-01,PCS,1
SoftBank Hawks Gaming,Frank Esports,2024-08-31,PCS,1
Frank Esports,CTBC Flying Oyster,2024-08-24,PCS,1
PSG Talon,SoftBank Hawks Gaming,2024-08-23,PCS,1
CTBC Flying Oyster,Deep Cross Gaming,2024-08-21,PCS,1
Frank Esports,Detonation FocusMe,2024-08-20,PCS,1
Deep Cross Gaming,SoftBank Hawks Gaming,2024-08-18,PCS,0
PSG Talon,Frank Esports,2024-08-17,PCS,1
Frank Esports,CTBC Flying Oyster,2024-08-15,PCS,1
Detonation FocusMe,Deep Cross Gaming,2024-08-14,PCS,0
Ground Zero Gaming,Frank Esports,2024-08-11,PCS,0
Ground Zero Gaming,J Team,2024-08-10,PCS,1
Frank Esports,Team Bliss,2024-08-10,PCS,1
Ground Zero Gaming,Sengoku Gaming,2024-08-08,PCS,1
CTBC Flying Oyster,J Team,2024-08-08,PCS,1
Frank Esports,West Point Esports,2024-08-07,PCS,1
Detonation FocusMe,Team Bliss,2024-08-07,PCS,1
Sengoku Gaming,CTBC Flying Oyster,2024-08-06,PCS,0
Ground Zero Gaming,J Team,2024-08-06,PCS,0
Frank Esports,Team Bliss,2024-08-05,PCS,0
Detonation FocusMe,West Point Esports,2024-08-05,PCS,1
Vikings Esports,Team Whales,2024-03-10,VCS,1
Team Secret,Rainbow Warriors,2024-03-10,VCS,1
Team Flash,MGN Blue Esports,2024-03-09,VCS,1
GAM Esports,Cerberus Esports,2024-03-09,VCS,0
MGN Blue Esports,Team Secret,2024-03-08,VCS,1
Team Flash,Rainbow Warriors,2024-03-08,VCS,1
Team Whales,Cerberus Esports,2024-03-07,VCS,1
GAM Esports,Vikings Esports,2024-03-07,VCS,1
Team Whales,Team Secret,2024-03-03,VCS,0
Rainbow Warriors,Cerberus Esports,2024-03-03,VCS,0
Team Flash,GAM Esports,2024-03-02,VCS,0
Vikings Esports,MGN Blue Esports,2024-03-02,VCS,1
Team Whales,Rainbow Warriors,2024-03-01,VCS,1
Cerberus Esports,Team Secret,2024-03-01,VCS,0
MGN Blue Esports,GAM Esports,2024-02-29,VCS,1
Team Flash,Vikings Esports,2024-02-29,VCS,0
Cerberus Esports,Team Flash,2024-02-25,VCS,1
GAM Esports,Team Whales,2024-02-25,VCS,1
Vikings Esports,Team Secret,2024-02-24,VCS,0
MGN Blue Esports,Rainbow Warriors,2024-02-24,VCS,1
Team Flash,Team Whales,2024-02-23,VCS,0
Team Secret,GAM Esports,2024-02-23,VCS,1
MGN Blue Esports,Cerberus Esports,2024-02-22,VCS,0
Rainbow Warriors,Vikings Esports,2024-02-22,VCS,0
Team Flash,Team Secret,2024-02-18,VCS,0
Cerberus Esports,Vikings Esports,2024-02-18,VCS,0
Team Whales,MGN Blue Esports,2024-02-17,VCS,1
Rainbow Warriors,GAM Esports,2024-02-17,VCS,0
Rainbow Warriors,Team Flash,2024-02-04,VCS,0
MGN Blue Esports,Team Secret,2024-02-04,VCS,0
GAM Esports,Vikings Esports,2024-02-03,VCS,1
Cerberus Esports,Team Whales,2024-02-03,VCS,0
Team Secret,Rainbow Warriors,2024-02-02,VCS,1
MGN Blue Esports,Team Flash,2024-02-02,VCS,1
GAM Esports,Cerberus Esports,2024-02-01,VCS,1
Vikings Esports,Team Whales,2024-02-01,VCS,0
MGN Blue Esports,Vikings Esports,2024-01-28,VCS,0
Team Flash,GAM Esports,2024-01-28,VCS,0
Cerberus Esports,Rainbow Warriors,2024-01-27,VCS,1
Team Whales,Team Secret,2024-01-27,VCS,1
Team Flash,Vikings Esports,2024-01-26,VCS,0
MGN Blue Esports,GAM Esports,2024-01-26,VCS,0
Cerberus Esports,Team Secret,2024-01-25,VCS,0
Rainbow Warriors,Team Whales,2024-01-25,VCS,0
Team Whales,GAM Esports,2024-01-21,VCS,0
Team Flash,Cerberus Esports,2024-01-21,VCS,1
MGN Blue Esports,Rainbow Warriors,2024-01-20,VCS,1
Team Secret,Vikings Esports,2024-01-20,VCS,1
Vikings Esports,GAM Esports,2024-04-07,VCS,0
Team Secret,GAM Esports,2024-04-06,VCS,0
Team Secret,Vikings Esports,2024-04-05,VCS,0
GAM Esports,Team Whales,2024-04-05,VCS,1
Vikings Esports,GAM Esports,2024-04-03,VCS,1
GAM Esports,Vikings Esports,2024-08-04,VCS,0
Cerberus Esports,Team Secret,2024-08-04,VCS,0
Team Whales,MGN Blue Esports,2024-08-04,VCS,0
GAM Esports,Team Secret,2024-08-03,VCS,1
Team Flash,Vikings Esports,2024-08-03,VCS,0
MGN Blue Esports,Cerberus Esports,2024-08-03,VCS,1
Team Flash,Team Secret,2024-08-02,VCS,1
MGN Blue Esports,Team Whales,2024-08-02,VCS,0
Cerberus Esports,Vikings Esports,2024-08-02,VCS,0
Team Flash,GAM Esports,2024-08-01,VCS,0
Team Secret,MGN Blue Esports,2024-08-01,VCS,1
Team Whales,Cerberus Esports,2024-08-01,VCS,1
Vikings Esports,MGN Blue Esports,2024-07-31,VCS,1
Team Flash,Team Whales,2024-07-31,VCS,1
Team Secret,Team Whales,2024-07-28,VCS,1
Team Flash,GAM Esports,2024-07-28,VCS,0
MGN Blue Esports,Cerberus Esports,2024-07-28,VCS,0
Team Flash,Team Secret,2024-07-27,VCS,0
MGN Blue Esports,GAM Esports,2024-07-27,VCS,0
Vikings Esports,Cerberus Esports,2024-07-27,VCS,1
Team Whales,GAM Esports,2024-07-19,VCS,0
Vikings Esports,Team Secret,2024-07-19,VCS,1
Team Flash,MGN Blue Esports,2024-07-18,VCS,1
Cerberus Esports,Team Whales,2024-07-18,VCS,0
GAM Esports,Team Secret,2024-07-14,VCS,0
Team Flash,Cerberus Esports,2024-07-14,VCS,1
MGN Blue Esports,Vikings Esports,2024-07-13,VCS,0
Team Secret,Team Whales,2024-07-13,VCS,1
GAM Esports,Cerberus Esports,2024-07-12,VCS,1
Team Flash,Vikings Esports,2024-07-12,VCS,0
MGN Blue Esports,GAM Esports,2024-06-30,VCS,0
Vikings Esports,Team Whales,2024-06-30,VCS,1
Cerberus Esports,Team Flash,2024-06-29,VCS,1
MGN Blue Esports,Team Secret,2024-06-29,VCS,0
GAM Esports,Vikings Esports,2024-06-28,VCS,1
Team Whales,Team Flash,2024-06-28,VCS,1
Team Whales,GAM Esports,2024-06-23,VCS,0
Team Secret,Vikings Esports,2024-06-23,VCS,0
GAM Esports,Cerberus Esports,2024-06-22,VCS,1
MGN Blue Esports,Team Flash,2024-06-22,VCS,1
Team Whales,Vikings Esports,2024-06-21,VCS,0
Cerberus Esports,Team Secret,2024-06-21,VCS,0
GAM Esports,Vikings Esports,2024-08-18,VCS,1
Vikings Esports,Team Whales,2024-08-17,VCS,1
Vikings Esports,GAM Esports,2024-08-11,VCS,0
Team Secret,Team Whales,2024-08-10,VCS,0
Vikings Esports,Team Whales,2024-08-09,VCS,1
GAM Esports,Team Secret,2024-08-08,VCS,1
Team Flash,Team Whales,2024-08-07,VCS,0
Detonation FocusMe,Sengoku Gaming,2024-02-18,LJL,1
AXIZ CREST,SoftBank Hawks Gaming,2024-02-18,LJL,0
AXIZ CREST,Burning Core Toyama,2024-02-17,LJL,1
Sengoku Gaming,SoftBank Hawks Gaming,2024-02-17,LJL,0
V3 Esports,Detonation FocusMe,2024-02-17,LJL,0
AXIZ CREST,Detonation FocusMe,2024-02-11,LJL,0
Burning Core Toyama,SoftBank Hawks Gaming,2024-02-11,LJL,0
V3 Esports,SoftBank Hawks Gaming,2024-02-10,LJL,0
Burning Core Toyama,Detonation FocusMe,2024-02-10,LJL,0
Detonation FocusMe,Sengoku Gaming,2024-02-03,LJL,1
Burning Core Toyama,V3 Esports,2024-02-03,LJL,0
Burning Core Toyama,AXIZ CREST,2024-01-28,LJL,0
Sengoku Gaming,SoftBank Hawks Gaming,2024-01-28,LJL,0
Detonation FocusMe,V3 Esports,2024-01-28,LJL,1
AXIZ CREST,Detonation FocusMe,2024-01-27,LJL,0
Sengoku Gaming,V3 Esports,2024-01-27,LJL,1
SoftBank Hawks Gaming,Burning Core Toyama,2024-01-27,LJL,1
SoftBank Hawks Gaming,V3 Esports,2024-01-21,LJL,1
Detonation FocusMe,Burning Core Toyama,2024-01-21,LJL,1
AXIZ CREST,Sengoku Gaming,2024-01-21,LJL,0
AXIZ CREST,V3 Esports,2024-01-20,LJL,0
SoftBank Hawks Gaming,Detonation FocusMe,2024-01-20,LJL,0
Detonation FocusMe,SoftBank Hawks Gaming,2024-03-03,LJL,0
V3 Esports,Sengoku Gaming,2024-03-02,LJL,1
SoftBank Hawks Gaming,Sengoku Gaming,2024-02-25,LJL,1
Detonation FocusMe,V3 Esports,2024-02-24,LJL,1
Burning Core Toyama,AXIZ CREST,2024-07-14,LJL,0
SoftBank Hawks Gaming,Sengoku Gaming,2024-07-14,LJL,1
Sengoku Gaming,Detonation FocusMe,2024-07-13,LJL,0
SoftBank Hawks Gaming,AXIZ CREST,2024-07-13,LJL,1
Detonation FocusMe,AXIZ CREST,2024-06-30,LJL,1
SoftBank Hawks Gaming,Burning Core Toyama,2024-06-30,LJL,1
V3 Esports,Sengoku Gaming,2024-06-30,LJL,0
Detonation FocusMe,Burning Core Toyama,2024-06-23,LJL,1
SoftBank Hawks Gaming,V3 Esports,2024-06-23,LJL,1
Sengoku Gaming,SoftBank Hawks Gaming,2024-06-22,LJL,0
V3 Esports,Detonation FocusMe,2024-06-22,LJL,0
Detonation FocusMe,Sengoku Gaming,2024-06-16,LJL,1
AXIZ CREST,SoftBank Hawks Gaming,2024-06-16,LJL,0
Detonation FocusMe,AXIZ CREST,2024-06-15,LJL,1
SoftBank Hawks Gaming,Burning Core Toyama,2024-06-15,LJL,1
SoftBank Hawks Gaming,Detonation FocusMe,2024-06-08,LJL,1
V3 Esports,AXIZ CREST,2024-06-08,LJL,0
Burning Core Toyama,Sengoku Gaming,2024-06-08,LJL,0
Burning Core Toyama,Detonation FocusMe,2024-06-07,LJL,0
SoftBank Hawks Gaming,V3 Esports,2024-06-07,LJL,1
SoftBank Hawks Gaming,Detonation FocusMe,2024-07-28,LJL,1
Detonation FocusMe,Sengoku Gaming,2024-07-27,LJL,1
SoftBank Hawks Gaming,Detonation FocusMe,2024-07-21,LJL,1
Sengoku Gaming,V3 Esports,2024-07-21,LJL,1
Detonation FocusMe,Sengoku Gaming,2024-07-20,LJL,1
AXIZ CREST,V3 Esports,2024-07-20,LJL,0
